<?xml version="1.0" encoding="utf-8"?>
<appengine-web-app xmlns="http://appengine.google.com/ns/1.0">
	<application></application>
	<version>1</version>
	
	<precompilation-enabled>true</precompilation-enabled>
	
	<system-properties>
	    <property name="slim3.hotReloading" value="false"/>
	    <!--
        <property name="slim3.datastoreDeadline" value="8"/>
        <property name="slim3.uploadSizeMax" value="1000000"/>
        <property name="slim3.uploadFileSizeMax" value="100000"/>
        -->
        <property name="slim3.useXGTX" value="true"/>
	    <property name="java.util.logging.config.file" value="WEB-INF/classes/logging.properties"/>
	</system-properties>
	<sessions-enabled>true</sessions-enabled>
	<threadsafe>true</threadsafe>
</appengine-web-app>